<?xml version="1.0" encoding="UTF-8" ?>
<!DOCTYPE mapper
  PUBLIC "-//mybatis.org//DTD Mapper 3.0//EN"
  "http://mybatis.org/dtd/mybatis-3-mapper.dtd">
<mapper namespace="com.order.mapper.memberMapper">

	<!-- 회원 정보 저장 -->
	<insert id="member_insert" parameterType="com.order.domain.MemberVO">
		insert into members(member_id, member_pw, member_name, member_email, member_tel)
			values(#{member_id}, #{member_pw}, #{member_name}, #{member_email}, #{member_tel})
	</insert>
	
	<!-- 회원아이디 호출 -->
		<select id="idCheck" resultType="int">
		    select count(*) from members where member_id = #{member_id}
		</select>
		
		<!--  로그인 매퍼 -->
				<select id="login" resultType="String">
		    select * from members where member_id = #{member_id}
		</select>
		
	<!--  로그인 ID,비밀번호 체크 -->
			<select id="loginCheck" resultType="int">
		    select count(*)  from members 
		    where member_id = #{member_id} 
		    			and member_pw =  #{member_pw}
		</select>
	
</mapper>