<?xml version="1.0" encoding="UTF-8" ?>
<!DOCTYPE mapper
  PUBLIC "-//mybatis.org//DTD Mapper 3.0//EN"
  "http://mybatis.org/dtd/mybatis-3-mapper.dtd">
<mapper namespace="com.order.mapper.reservationMapper">


	<!-- =========== 예매선택 메뉴 ========= -->
	<select id="locationChoice" resultType="com.order.domain.LocationVO">
		select location_no, location from location
	</select>
	<select id="hallChoice" resultType="com.order.domain.HallVO">
		select hall_name from hall
	</select>
	<select id="scheduleChoice" resultType="com.order.domain.ScheduleVO">
		select s_startTime from schedule
	</select>
	


	<!-- 예매 내역  -->
	<select id="reservationlist" parameterType="String" resultType="com.order.domain.ReservationVO">
		select reservation_no, reservation_nowdate, member_id, s_date, location_no, movie_name
			from reservation
				where member_id=#{member_id}
	</select>

	
</mapper>