<?xml version="1.0" encoding="UTF-8"?>
<beans xmlns="http://www.springframework.org/schema/beans"
	xmlns:xsi="http://www.w3.org/2001/XMLSchema-instance"
	xmlns:context="http://www.springframework.org/schema/context"
	xmlns:jdbc="http://www.springframework.org/schema/jdbc"
	xmlns:mybatis-spring="http://mybatis.org/schema/mybatis-spring"
	xsi:schemaLocation="http://www.springframework.org/schema/jdbc http://www.springframework.org/schema/jdbc/spring-jdbc-4.3.xsd
		http://mybatis.org/schema/mybatis-spring http://mybatis.org/schema/mybatis-spring-1.2.xsd
		http://www.springframework.org/schema/beans https://www.springframework.org/schema/beans/spring-beans.xsd
		http://www.springframework.org/schema/context http://www.springframework.org/schema/context/spring-context-4.3.xsd">

		
		
	<!-- gmail설정 (mailSender bean 생성)-->
		<bean id="mailSender" class="org.springframework.mail.javamail.JavaMailSenderImpl"> 
	     	<property name="host" value="smtp.gmail.com" />
	  		<property name="port" value="587" />
	 		<property name="username" value="orderbyticket@gmail.com"/> <!-- 자신의 이메일 아이디 -->
		 	<property name="password" value="!q12345678"/> <!-- 자신의 비밀번호 -->
			 <!-- 보안연결 TLS과 관련된 설정 -->
		     <property name="javaMailProperties">
			    <props>
			       <prop key="mail.smtp.starttls.enable">true</prop>
			       <prop key="mail.smtp.auth">true</prop>
			       <prop key="mail.transport.protocol">smtp</prop>
			       <prop key="mail.debug">true</prop>
			       <prop key="mail.smtp.ssl.trust">smtp.gmail.com</prop>
				   <prop key="mail.smtp.ssl.protocols">TLSv1.2</prop>
			    </props>
		     </property>
	     </bean>
		
	<!-- Root Context: defines shared resources visible to all other web components -->
		
		<bean id="dataSource"
		 class="org.springframework.jdbc.datasource.DriverManagerDataSource">
		 <property name="driverClassName" value="org.mariadb.jdbc.Driver" />
		 <property name="url" value="jdbc:mariadb://127.0.0.1:3306/orderby" /><!-- 데이터베이스명 -->
		 <property name="username" value="orderby" /><!-- 세션관리자명 -->
		 <property name="password" value="1234" /> <!-- 비밀번호 -->
		</bean>
		
		<bean id="sqlSessionFactory" class="org.mybatis.spring.SqlSessionFactoryBean">
		 <property name="dataSource" ref="dataSource" />
		 <property name="configLocation" value="classpath:/mybatis-config.xml" />
		 <property name="mapperLocations" value="classpath:mappers/**/*Mapper.xml" />
		</bean>
		
		<bean id="sqlSession" class="org.mybatis.spring.SqlSessionTemplate" destroy-method="clearCache">
		 <constructor-arg name="sqlSessionFactory" ref="sqlSessionFactory"/>
		</bean>
				
		<context:component-scan base-package="com.order.dao" />	
		<context:component-scan base-package="com.order.domain" />	
		<context:component-scan base-package="com.order.service" />	
			
</beans>
